#,Date,Hash,Author,Message,Phase
1,2026-05-25,82e7fc6,(baseline),"initial project baseline",Setup
2,2026-05-25,b3386ee,Kirllos Hany,"chore: refresh Graphify maps",Setup
3,2026-05-25,bbe05db,Kirllos Hany,"T001: NestJS scaffold",Phase 1
4,2026-05-25,7f01e4e,Kirllos Hany,"docs(spec): mark T001 backend scaffold complete",Phase 1
5,2026-05-25,111a9c0,Kirllos Hany,"chore: ignore local Graphify root marker",Setup
6,2026-05-25,81884a1,Kirllos Hany,"feat(backend): add config and postgres connection for T002",Phase 1
7,2026-05-25,fb979f6,Kirllos Hany,"chore(backend): configure lint format test tooling for T003",Phase 1
8,2026-05-26,0629776,Kirllos Hany,"T004: init Prisma ORM",Phase 1
9,2026-05-26,10572df,Kirllos Hany,"docs: add T001-T004 validation reports in 5 formats",Docs
10,2026-05-26,e46c26a,Kirllos Hany,"build(backend): add postgres docker compose for T005",Phase 1
11,2026-05-26,9035b8e,Kirllos Hany,"T005: mark complete, update memory log",Phase 1
12,2026-05-26,3905f3a,Kirllos Hany,"build(backend): implement global error envelope for T006",Phase 2
13,2026-05-26,f903370,Kirllos Hany,"build(backend): implement global error envelope for T006 (PR #1)",Phase 2
14,2026-05-26,05f67ef,Kirllos Hany,"docs: add T005-T006 validation reports in 5 formats, update index",Docs
15,2026-05-26,4f12da5,Kirllos Hany,"build(backend): add correlation middleware for T007",Phase 2
16,2026-05-26,174d20b,Kirllos Hany,"build(backend): add correlation middleware for T007 (PR #2)",Phase 2
17,2026-05-26,dfd9b2b,Kirllos Hany,"docs: add T007 validation reports in 5 formats, update index",Docs
18,2026-05-26,8c03a81,Kirllos Hany,"build(backend): implement jwt auth and rbac for T009",Phase 2
19,2026-05-26,cb4560c,Kirllos Hany,"docs: update commit hash references for T009 to 8c03a81",Docs
20,2026-05-26,0dbc77e,Kirllos Hany,"build(backend): add idempotency interceptor for T008",Phase 2
21,2026-05-26,c8ce7ff,Kirllos Hany,"build(backend): add idempotency interceptor for T008 (PR #4)",Phase 2
22,2026-05-26,a687a30,Kirllos Hany,"docs: add T008 validation reports in 5 formats, update index and memory log",Docs
23,2026-05-26,d0d72b4,Kirllos Hany,"build(backend): implement append-only audit logging for T010",Phase 2
24,2026-05-26,2cc229a,Kirllos Hany,"docs: add T010 validation reports, update index and memory log",Docs
25,2026-05-26,a18038f,Kirllos Hany,"build(backend): wire api versioning and openapi for T011",Phase 2
26,2026-05-26,2d9a245,Kirllos Hany,"docs: update commit hash for T011, update index and memory log",Docs
27,2026-05-26,e379c1b,Kirllos Hany,"docs: update documentation index to include T005-T008 validation reports",Docs
28,2026-05-26,2039693,Kirllos Hany,"T013: add core org Prisma models + migration",Phase 2
29,2026-05-26,70e7b9f,Kirllos Hany,"T013: add core org Prisma models + migration (PR #5)",Phase 2
30,2026-05-26,e95c75b,Kirllos Hany,"T014: Meter, SIMCard, MeterAssignment, SIMAssignment migration",Phase 2
31,2026-05-26,c8c86aa,Kirllos Hany,"T015: add Reading, ReadingReview, TariffPlan, BillingPeriod migration",Phase 2
32,2026-05-26,5a41562,Kirllos Hany,"T016: add Invoice, InvoiceLine, InvoiceAdjustment migration",Phase 2
33,2026-05-26,c50bcca,Kirllos Hany,"T017: add Payment, PaymentAllocation, CustomerLedgerEntry migration w/ trigger",Phase 2
34,2026-05-26,4395f47,Kirllos Hany,"T013: docs, memory, graph update + checklist T001-T013",Docs
35,2026-05-26,8db1a39,Kirllos Hany,"T008: fix migration — remove audit_log CREATE TABLE (already on main)",Phase 2
36,2026-05-26,42db219,Kirllos Hany,"T013: fix migration — remove audit_log CREATE TABLE (already on main)",Phase 2
37,2026-05-26,d844c0e,Kirllos Hany,"T014: fix migration — remove audit_log CREATE TABLE (already on main)",Phase 2
38,2026-05-26,20103d3,Kirllos Hany,"T015: docs, validation report, graphify, tasks update",Docs
39,2026-05-26,79d9620,Kirllos Hany,"T012: build contract-test harness against meter-pulse-api.yaml",Phase 2
40,2026-05-26,dde8aa3,Kirllos Hany,"T012: add response body schema validation + docs",Phase 2
41,2026-05-26,a5532f9,Kirllos Hany,"test(backend): finalize T012 contract harness",Phase 2
42,2026-05-26,1912d9d,Kirllos Hany,"T012: contract test harness with YAML spec loading, deref, AJV validation",Phase 2
43,2026-05-28,336e0e0,Kirllos Hany,"docs: mark T001-T017 as [X] completed in tasks.md",Docs
